レベル,仕上表 グループ名,仕上表 グループ番号*,仕上表 整列番号,仕上表 別名(室名),名前,面積,Unnamed: 7,排煙,排煙告示,施工令,仕上表 選択*,仕上表* 内装制限 根拠,内装制限,SL,FL,CH,床,Unnamed: 18,幅木,Unnamed: 20,腰壁,壁,Unnamed: 23,廻り縁,天井,Unnamed: 26,備考
ピット,(なし),,,,消火水槽,16.3281 m²,,,,,,,,,,,,,,,,,,,,,
ピット,(なし),,,,ピット,410.8844 m²,,,,,,,,,,,,,,,,,,,,,
ピット,(なし),,,,ELV ピット,13.1075 m²,,,,,,,,,,,,,,,,,,,,,
1FL,(なし),,,,ピロティ,173.3000 m²,,,,,,,,,,3000,,,,,,,,,,,
1FL,(なし),,,,ELV,17.2875 m²,,,,,,,,,,,,,,,,,,,,,
2FL,(なし),,,設備バルコニー,設備バルコニー,22.7760 m²,,-,-,,,,-,,,,,,,-,-,,,,,,
3FL,(なし),,,設備バルコニー,設備バルコニー,22.7760 m²,,-,-,,いいえ,-,-,,,,,,,-,-,,,,,,
4FL,(なし),,,設備バルコニー,設備バルコニー,22.7760 m²,,-,-,,,,-,,,,,,,-,-,,,,,,
5FL,(なし),,,設備バルコニー,設備バルコニー,22.7760 m²,,-,-,,,,-,,,,,,,-,-,,,,,,
6FL,(なし),,,設備バルコニー,設備バルコニー,22.7760 m²,,-,-,,,,-,,,,,,,-,-,,,,,,
7FL,(なし),,,設備バルコニー,設備バルコニー,22.7760 m²,,-,-,,,,-,,,,,,,-,-,,,,,,
1FL,1階,1,100,風除室,風除室,19.6720 m²,,告示,2,c,いいえ,2,(不),-50,±0,3000,コンクリート金ごて押え,花こう岩(A),100,花こう岩(A),-,支持金物,花こう岩(A),塩ビ(A),準不燃GB,岩綿吸音板(A),
1FL,1階,1,101,エントランスホール,エントランス ホール,40.0946 m²,,告示,2,c,いいえ,2,(不),-50,±0,3000,コンクリート金ごて押え,花こう岩(A),100,花こう岩(A),-,支持金物,花こう岩(A),塩ビ(A),準不燃GB,岩綿吸音板(A),
1FL,1階,1,102,ELVホール,ELVホール,19.4052 m²,,告示,2,c,いいえ,2,(不),-50,±0,3000,コンクリート金ごて押え,花こう岩(A),100,花こう岩(A),-,支持金物,花こう岩(A),塩ビ(A),準不燃GB,岩綿吸音板(A),
1FL,1階,1,103,廊下,廊下2,21.4982 m²,,告示,2,c,いいえ,2,(不),±0,±0,2500,コンクリート金ごて押え,タイルカーペット(A),60,ビニル幅木(A),-,普通硬質GB,EP-2,塩ビ(A),準不燃GB,岩綿吸音板(A),
1FL,1階,1,103,廊下,廊下1,6.3038 m²,,告示,2,c,いいえ,2,(不),±0,±0,2500,コンクリート金ごて押え,タイルカーペット(A),60,ビニル幅木(A),-,普通硬質GB,EP-2,塩ビ(A),準不燃GB,岩綿吸音板(A),
1FL,1階,1,106,店舗,店舗,163.8309 m²,,自然,-,c,はい,c,準,-2,±0,3000,コンクリート金ごて押え,素地,-,-,-,普通硬質GB,素地,-,準不燃GB,素地,
1FL,1階,1,107,管理人室,管理人室,9.7664 m²,,告示,4,,いいえ,4,不,-2,±0,2400,コンクリート金ごて押え,ビニル床シート(A),60,ビニル幅木(A),-,普通硬質GB,EP-2,塩ビ(A),不燃GB,岩綿吸音板(A),
1FL,1階,1,108,清掃管理人控室,清掃 管理人 控室,8.0437 m²,,告示,4,,いいえ,4,不,-2,±0,2400,コンクリート金ごて押え,ビニル床シート(A),60,ビニル幅木(A),-,普通硬質GB,EP-2,塩ビ(A),不燃GB,岩綿吸音板(A),
1FL,1階,1,109,HWC,HWC,5.1188 m²,,告示,2,,いいえ,2,(不),-2,±0,2400,コンクリート金ごて押え,ビニル床シート(B),60,ビニル幅木(A),-,FK,化粧塩ビシート(A),塩ビ(A),準不燃GB,化粧GB(A),
1FL,1階,1,110,倉庫,倉庫,23.7411 m²,,告示,2,,いいえ,2,(不),±0,±0,直天,コンクリート金ごて押え,防塵塗装(A),300,床材塗り上げ,-,-,素地,-,-,素地,
1FL,1階,1,111,ポンプ室,ポンプ室,17.4472 m²,,告示,2,,いいえ,2,(不),±0,±0,直天,コンクリート金ごて押え,防塵塗装(A),300,床材塗り上げ,-,-,素地,-,-,素地,
1FL,1階,1,112,電気室,電気室,17.4573 m²,,告示,2,,いいえ,2,(不),±0,±0,直天,コンクリート金ごて押え,防塵塗装(A),300,床材塗り上げ,-,-,素地,-,-,素地,
1FL,1階,1,113,ゴミ置場,ゴミ置場,15.1905 m²,,告示,2,,いいえ,2,(不),±0,±0,直天,コンクリート金ごて押え,防塵塗装(A),300,床材塗り上げ,-,-,素地,-,-,素地,
1FL,1階,1,114,駐車場,駐車場,207.7991 m²,,自然,-,h,はい,h,不,±0,±0,3300,コンクリート金ごて押え,防塵塗装(B),300,床材塗り上げ,-,-,素地,-,不燃GB,FK-D(A),
2FL,基準階,2,200,ELVホール,ELVホール,17.4935 m²,,告示,2,c,いいえ,2,(不),±0,±0,2500,コンクリート金ごて押え,タイルカーペット(A),60,ビニル幅木(A),-,準不燃GB,EP-2,塩ビ(A),準不燃GB,岩綿吸音板(A),
4FL,基準階,2,200,ELVホール,ELVホール,17.4935 m²,,告示,2,c,いいえ,2,(不),±0,±0,2500,コンクリート金ごて押え,タイルカーペット(A),60,ビニル幅木(A),-,準不燃GB,EP-2,塩ビ(A),準不燃GB,岩綿吸音板(A),
5FL,基準階,2,200,ELVホール,ELVホール,17.4935 m²,,告示,2,c,いいえ,2,(不),±0,±0,2500,コンクリート金ごて押え,タイルカーペット(A),60,ビニル幅木(A),-,準不燃GB,EP-2,塩ビ(A),準不燃GB,岩綿吸音板(A),
6FL,基準階,2,200,ELVホール,ELVホール,17.4935 m²,,告示,2,c,いいえ,2,(不),±0,±0,2500,コンクリート金ごて押え,タイルカーペット(A),60,ビニル幅木(A),-,準不燃GB,EP-2,塩ビ(A),準不燃GB,岩綿吸音板(A),
7FL,基準階,2,200,ELVホール,ELVホール,17.4935 m²,,告示,2,c,いいえ,2,(不),±0,±0,2500,コンクリート金ごて押え,タイルカーペット(A),60,ビニル幅木(A),-,準不燃GB,EP-2,塩ビ(A),準不燃GB,岩綿吸音板(A),
3FL,基準階,2,200,ELVホール,ELVホール,17.4935 m²,,告示,2,c,いいえ,2,(不),±0,±0,2500,コンクリート金ごて押え,タイルカーペット(A),60,ビニル幅木(A),-,準不燃GB,EP-2,塩ビ(A),準不燃GB,岩綿吸音板(A),
2FL,基準階,2,201,廊下,廊下,35.6774 m²,,告示,2,c,いいえ,2,(不),±0,±0,2500,コンクリート金ごて押え,タイルカーペット(A),60,ビニル幅木(A),-,準不燃GB,EP-2,塩ビ(A),準不燃GB,岩綿吸音板(A),
3FL,基準階,2,201,廊下,廊下,35.6774 m²,,告示,2,c,いいえ,2,(不),±0,±0,2500,コンクリート金ごて押え,タイルカーペット(A),60,ビニル幅木(A),-,準不燃GB,EP-2,塩ビ(A),準不燃GB,岩綿吸音板(A),
4FL,基準階,2,201,廊下,廊下,35.6774 m²,,告示,2,c,いいえ,2,(不),±0,±0,2500,コンクリート金ごて押え,タイルカーペット(A),60,ビニル幅木(A),-,準不燃GB,EP-2,塩ビ(A),準不燃GB,岩綿吸音板(A),
5FL,基準階,2,201,廊下,廊下,35.6774 m²,,告示,2,c,いいえ,2,(不),±0,±0,2500,コンクリート金ごて押え,タイルカーペット(A),60,ビニル幅木(A),-,準不燃GB,EP-2,塩ビ(A),準不燃GB,岩綿吸音板(A),
6FL,基準階,2,201,廊下,廊下,35.6774 m²,,告示,2,c,いいえ,2,(不),±0,±0,2500,コンクリート金ごて押え,タイルカーペット(A),60,ビニル幅木(A),-,準不燃GB,EP-2,塩ビ(A),準不燃GB,岩綿吸音板(A),
7FL,基準階,2,201,廊下,廊下,35.6774 m²,,告示,2,c,いいえ,2,(不),±0,±0,2500,コンクリート金ごて押え,タイルカーペット(A),60,ビニル幅木(A),-,準不燃GB,EP-2,塩ビ(A),準不燃GB,岩綿吸音板(A),
2FL,基準階,2,202,事務室,事務室,640.6170 m²,,自然,-,c,はい,c,準,-100,±0,2800,OAフロア(A),タイルカーペット(A),60,ビニル幅木(A),-,準不燃GB,EP-2,塩ビ(A),LGS,システム天井(A),
3FL,基準階,2,202,事務室,事務室,640.8071 m²,,自然,-,c,はい,c,準,-100,±0,2800,OAフロア(A),タイルカーペット(A),60,ビニル幅木(A),-,準不燃GB,EP-2,塩ビ(A),LGS,システム天井(A),
4FL,基準階,2,202,事務室,事務室,640.8071 m²,,自然,-,c,はい,c,準,-100,±0,2800,OAフロア(A),タイルカーペット(A),60,ビニル幅木(A),-,準不燃GB,EP-2,塩ビ(A),LGS,システム天井(A),
5FL,基準階,2,202,事務室,事務室,640.8071 m²,,自然,-,c,はい,c,準,-100,±0,2800,OAフロア(A),タイルカーペット(A),60,ビニル幅木(A),-,準不燃GB,EP-2,塩ビ(A),LGS,システム天井(A),
6FL,基準階,2,202,事務室,事務室,640.8071 m²,,自然,-,c,はい,c,準,-100,±0,2800,OAフロア(A),タイルカーペット(A),60,ビニル幅木(A),-,準不燃GB,EP-2,塩ビ(A),LGS,システム天井(A),
7FL,基準階,2,202,事務室,事務室,640.6176 m²,,自然,-,c,はい,c,準,-100,±0,2800,OAフロア(A),タイルカーペット(A),60,ビニル幅木(A),-,準不燃GB,EP-2,塩ビ(A),LGS,システム天井(A),
2FL,基準階,2,203,給湯室,給湯室,7.4075 m²,,告示,2,,いいえ,2,(不),-2,±0,2400,コンクリート金ごて押え,ビニル床シート(A),60,ビニル幅木(A),-,準不燃GB,EP-2,塩ビ(A),準不燃GB,化粧GB(A),
3FL,基準階,2,203,給湯室,給湯室,7.4075 m²,,告示,2,,いいえ,2,(不),-2,±0,2400,コンクリート金ごて押え,ビニル床シート(A),60,ビニル幅木(A),-,準不燃GB,EP-2,塩ビ(A),準不燃GB,化粧GB(A),
4FL,基準階,2,203,給湯室,給湯室,7.4075 m²,,告示,2,,いいえ,2,(不),-2,±0,2400,コンクリート金ごて押え,ビニル床シート(A),60,ビニル幅木(A),-,準不燃GB,EP-2,塩ビ(A),準不燃GB,化粧GB(A),
5FL,基準階,2,203,給湯室,給湯室,7.4075 m²,,告示,2,,いいえ,2,(不),-2,±0,2400,コンクリート金ごて押え,ビニル床シート(A),60,ビニル幅木(A),-,準不燃GB,EP-2,塩ビ(A),準不燃GB,化粧GB(A),
6FL,基準階,2,203,給湯室,給湯室,7.4075 m²,,告示,2,,いいえ,2,(不),-2,±0,2400,コンクリート金ごて押え,ビニル床シート(A),60,ビニル幅木(A),-,準不燃GB,EP-2,塩ビ(A),準不燃GB,化粧GB(A),
7FL,基準階,2,203,給湯室,給湯室,7.4075 m²,,告示,2,,いいえ,2,(不),-2,±0,2400,コンクリート金ごて押え,ビニル床シート(A),60,ビニル幅木(A),-,準不燃GB,EP-2,塩ビ(A),準不燃GB,化粧GB(A),
2FL,基準階,2,204,WC男,WC男,15.2325 m²,,告示,2,,いいえ,2,(不),-2,±0,2400,コンクリート金ごて押え,ビニル床シート(A),60,ビニル幅木(A),-,FK,化粧塩ビシート(A),塩ビ(A),準不燃GB,化粧GB(A),
3FL,基準階,2,204,WC男,WC男,15.2325 m²,,告示,2,,いいえ,2,(不),-2,±0,2400,コンクリート金ごて押え,ビニル床シート(A),60,ビニル幅木(A),-,FK,化粧塩ビシート(A),塩ビ(A),準不燃GB,化粧GB(A),
4FL,基準階,2,204,WC男,WC男,15.2325 m²,,告示,2,,いいえ,2,(不),-2,±0,2400,コンクリート金ごて押え,ビニル床シート(A),60,ビニル幅木(A),-,FK,化粧塩ビシート(A),塩ビ(A),準不燃GB,化粧GB(A),
5FL,基準階,2,204,WC男,WC男,15.2325 m²,,告示,2,,いいえ,2,(不),-2,±0,2400,コンクリート金ごて押え,ビニル床シート(A),60,ビニル幅木(A),-,FK,化粧塩ビシート(A),塩ビ(A),準不燃GB,化粧GB(A),
6FL,基準階,2,204,WC男,WC男,15.2325 m²,,告示,2,,いいえ,2,(不),-2,±0,2400,コンクリート金ごて押え,ビニル床シート(A),60,ビニル幅木(A),-,FK,化粧塩ビシート(A),塩ビ(A),準不燃GB,化粧GB(A),
7FL,基準階,2,204,WC男,WC男,15.2325 m²,,告示,2,,いいえ,2,(不),-2,±0,2400,コンクリート金ごて押え,ビニル床シート(A),60,ビニル幅木(A),-,FK,化粧塩ビシート(A),塩ビ(A),準不燃GB,化粧GB(A),
2FL,基準階,2,205,WC女,WC女,17.5494 m²,,告示,2,,いいえ,2,(不),-2,±0,2400,コンクリート金ごて押え,ビニル床シート(A),60,ビニル幅木(A),-,FK,化粧塩ビシート(A),塩ビ(A),準不燃GB,化粧GB(A),
3FL,基準階,2,205,WC女,WC女,17.5494 m²,,告示,2,,いいえ,2,(不),-2,±0,2400,コンクリート金ごて押え,ビニル床シート(A),60,ビニル幅木(A),-,FK,化粧塩ビシート(A),塩ビ(A),準不燃GB,化粧GB(A),
4FL,基準階,2,205,WC女,WC女,17.5494 m²,,告示,2,,いいえ,2,(不),-2,±0,2400,コンクリート金ごて押え,ビニル床シート(A),60,ビニル幅木(A),-,FK,化粧塩ビシート(A),塩ビ(A),準不燃GB,化粧GB(A),
5FL,基準階,2,205,WC女,WC女,17.5494 m²,,告示,2,,いいえ,2,(不),-2,±0,2400,コンクリート金ごて押え,ビニル床シート(A),60,ビニル幅木(A),-,FK,化粧塩ビシート(A),塩ビ(A),準不燃GB,化粧GB(A),
6FL,基準階,2,205,WC女,WC女,17.5494 m²,,告示,2,,いいえ,2,(不),-2,±0,2400,コンクリート金ごて押え,ビニル床シート(A),60,ビニル幅木(A),-,FK,化粧塩ビシート(A),塩ビ(A),準不燃GB,化粧GB(A),
7FL,基準階,2,205,WC女,WC女,17.5494 m²,,告示,2,,いいえ,2,(不),-2,±0,2400,コンクリート金ごて押え,ビニル床シート(A),60,ビニル幅木(A),-,FK,化粧塩ビシート(A),塩ビ(A),準不燃GB,化粧GB(A),
2FL,共通,4,300,階段室,階段室,14.1075 m²,,-,-,d,はい,d,不,±0,±0,2500(7階),コンクリート金ごて押え,ビニル床シート(A),60,-,-,強化GB,EP-2,-,不燃GB,岩綿吸音板(A),
1FL,共通,4,300,階段室,階段室,14.3063 m²,,-,-,d,はい,d,不,±0,±0,2500(7階),コンクリート金ごて押え,ビニル床シート(A),60,-,-,強化GB,EP-2,-,不燃GB,岩綿吸音板(A),
3FL,共通,4,300,階段室,階段室,14.1075 m²,,-,-,d,はい,d,不,±0,±0,2500(7階),コンクリート金ごて押え,ビニル床シート(A),60,-,-,強化GB,EP-2,-,不燃GB,岩綿吸音板(A),
4FL,共通,4,300,階段室,階段室,14.1075 m²,,-,-,d,はい,d,不,±0,±0,2500(7階),コンクリート金ごて押え,ビニル床シート(A),60,-,-,強化GB,EP-2,-,不燃GB,岩綿吸音板(A),
5FL,共通,4,300,階段室,階段室,14.1075 m²,,-,-,d,はい,d,不,±0,±0,2500(7階),コンクリート金ごて押え,ビニル床シート(A),60,-,-,強化GB,EP-2,-,不燃GB,岩綿吸音板(A),
6FL,共通,4,300,階段室,階段室,14.1075 m²,,-,-,d,はい,d,不,±0,±0,2500(7階),コンクリート金ごて押え,ビニル床シート(A),60,-,-,強化GB,EP-2,-,不燃GB,岩綿吸音板(A),
7FL,共通,4,300,階段室,階段室,14.1075 m²,,-,-,d,はい,d,不,±0,±0,2500(7階),コンクリート金ごて押え,ビニル床シート(A),60,-,-,強化GB,EP-2,-,不燃GB,岩綿吸音板(A),
2FL,共通,4,301,PS,PS,3.0500 m²,,告示,2,,いいえ,2,(不),±0,±0,直天,コンクリート金ごて押え,防塵塗装(A),-,-,-,-,素地,-,-,素地,
3FL,共通,4,301,PS,PS,1.1600 m²,,告示,2,,いいえ,2,(不),±0,±0,直天,コンクリート金ごて押え,防塵塗装(A),-,-,-,-,素地,-,-,素地,
3FL,共通,4,301,PS,PS,2.1090 m²,,告示,2,,いいえ,2,(不),±0,±0,直天,コンクリート金ごて押え,防塵塗装(A),-,-,-,-,素地,-,-,素地,
4FL,共通,4,301,PS,PS,3.0500 m²,,告示,2,,いいえ,2,(不),±0,±0,直天,コンクリート金ごて押え,防塵塗装(A),-,-,-,-,素地,-,-,素地,
5FL,共通,4,301,PS,PS,3.0500 m²,,告示,2,,いいえ,2,(不),±0,±0,直天,コンクリート金ごて押え,防塵塗装(A),-,-,-,-,素地,-,-,素地,
6FL,共通,4,301,PS,PS,3.0500 m²,,告示,2,,いいえ,2,(不),±0,±0,直天,コンクリート金ごて押え,防塵塗装(A),-,-,-,-,素地,-,-,素地,
7FL,共通,4,301,PS,PS,3.0500 m²,,告示,2,,いいえ,2,(不),±0,±0,直天,コンクリート金ごて押え,防塵塗装(A),-,-,-,-,素地,-,-,素地,
2FL,共通,4,301,PS,PS,3.1164 m²,,告示,2,,いいえ,2,(不),±0,±0,直天,コンクリート金ごて押え,防塵塗装(A),-,-,-,-,素地,-,-,素地,
2FL,共通,4,301,PS,PS,2.1090 m²,,告示,2,,いいえ,2,(不),±0,±0,直天,コンクリート金ごて押え,防塵塗装(A),-,-,-,-,素地,-,-,素地,
2FL,共通,4,301,PS,PS,1.1600 m²,,告示,2,,いいえ,2,(不),±0,±0,直天,コンクリート金ごて押え,防塵塗装(A),-,-,-,-,素地,-,-,素地,
3FL,共通,4,301,PS,PS,3.0500 m²,,告示,2,,いいえ,2,(不),±0,±0,直天,コンクリート金ごて押え,防塵塗装(A),-,-,-,-,素地,-,-,素地,
3FL,共通,4,301,PS,PS,3.1164 m²,,告示,2,,いいえ,2,(不),±0,±0,直天,コンクリート金ごて押え,防塵塗装(A),-,-,-,-,素地,-,-,素地,
4FL,共通,4,301,PS,PS,3.1164 m²,,告示,2,,いいえ,2,(不),±0,±0,直天,コンクリート金ごて押え,防塵塗装(A),-,-,-,-,素地,-,-,素地,
4FL,共通,4,301,PS,PS,2.1090 m²,,告示,2,,いいえ,2,(不),±0,±0,直天,コンクリート金ごて押え,防塵塗装(A),-,-,-,-,素地,-,-,素地,
4FL,共通,4,301,PS,PS,1.1600 m²,,告示,2,,いいえ,2,(不),±0,±0,直天,コンクリート金ごて押え,防塵塗装(A),-,-,-,-,素地,-,-,素地,
5FL,共通,4,301,PS,PS,3.1164 m²,,告示,2,,いいえ,2,(不),±0,±0,直天,コンクリート金ごて押え,防塵塗装(A),-,-,-,-,素地,-,-,素地,
5FL,共通,4,301,PS,PS,2.1090 m²,,告示,2,,いいえ,2,(不),±0,±0,直天,コンクリート金ごて押え,防塵塗装(A),-,-,-,-,素地,-,-,素地,
5FL,共通,4,301,PS,PS,1.1600 m²,,告示,2,,いいえ,2,(不),±0,±0,直天,コンクリート金ごて押え,防塵塗装(A),-,-,-,-,素地,-,-,素地,
6FL,共通,4,301,PS,PS,3.1164 m²,,告示,2,,いいえ,2,(不),±0,±0,直天,コンクリート金ごて押え,防塵塗装(A),-,-,-,-,素地,-,-,素地,
6FL,共通,4,301,PS,PS,2.1090 m²,,告示,2,,いいえ,2,(不),±0,±0,直天,コンクリート金ごて押え,防塵塗装(A),-,-,-,-,素地,-,-,素地,
6FL,共通,4,301,PS,PS,1.1600 m²,,告示,2,,いいえ,2,(不),±0,±0,直天,コンクリート金ごて押え,防塵塗装(A),-,-,-,-,素地,-,-,素地,
7FL,共通,4,301,PS,PS,3.1164 m²,,告示,2,,いいえ,2,(不),±0,±0,直天,コンクリート金ごて押え,防塵塗装(A),-,-,-,-,素地,-,-,素地,
7FL,共通,4,301,PS,PS,2.1090 m²,,告示,2,,いいえ,2,(不),±0,±0,直天,コンクリート金ごて押え,防塵塗装(A),-,-,-,-,素地,-,-,素地,
7FL,共通,4,301,PS,PS,1.1600 m²,,告示,2,,いいえ,2,(不),±0,±0,直天,コンクリート金ごて押え,防塵塗装(A),-,-,-,-,素地,-,-,素地,
1FL,共通,4,301,PS,PS,4.7142 m²,,告示,2,,いいえ,2,(不),±0,±0,直天,コンクリート金ごて押え,防塵塗装(A),-,-,-,-,素地,-,-,素地,
1FL,共通,4,301,PS,PS,1.0888 m²,,告示,2,,いいえ,2,(不),±0,±0,直天,コンクリート金ごて押え,防塵塗装(A),-,-,-,-,素地,-,-,素地,
2FL,共通,4,302,EPS,EPS,9.1500 m²,,告示,2,,いいえ,2,(不),±0,±0,直天,コンクリート金ごて押え,防塵塗装(A),-,-,-,-,素地,-,-,素地,
2FL,共通,4,302,EPS,EPS,5.6100 m²,,告示,2,,いいえ,2,(不),±0,±0,直天,コンクリート金ごて押え,防塵塗装(A),-,-,-,-,素地,-,-,素地,
2FL,共通,4,302,EPS,EPS,2.2000 m²,,告示,2,,いいえ,2,(不),±0,±0,直天,コンクリート金ごて押え,防塵塗装(A),-,-,-,-,素地,-,-,素地,
1FL,共通,4,302,EPS,EPS,5.1854 m²,,告示,2,,いいえ,2,(不),±0,±0,直天,コンクリート金ごて押え,防塵塗装(A),-,-,-,-,素地,-,-,素地,
3FL,共通,4,302,EPS,EPS,9.1500 m²,,告示,2,,いいえ,2,(不),±0,±0,直天,コンクリート金ごて押え,防塵塗装(A),-,-,-,-,素地,-,-,素地,
3FL,共通,4,302,EPS,EPS,2.2000 m²,,告示,2,,いいえ,2,(不),±0,±0,直天,コンクリート金ごて押え,防塵塗装(A),-,-,-,-,素地,-,-,素地,
3FL,共通,4,302,EPS,EPS,5.6100 m²,,告示,2,,いいえ,2,(不),±0,±0,直天,コンクリート金ごて押え,防塵塗装(A),-,-,-,-,素地,-,-,素地,
4FL,共通,4,302,EPS,EPS,9.1500 m²,,告示,2,,いいえ,2,(不),±0,±0,直天,コンクリート金ごて押え,防塵塗装(A),-,-,-,-,素地,-,-,素地,
4FL,共通,4,302,EPS,EPS,5.6100 m²,,告示,2,,いいえ,2,(不),±0,±0,直天,コンクリート金ごて押え,防塵塗装(A),-,-,-,-,素地,-,-,素地,
4FL,共通,4,302,EPS,EPS,2.2000 m²,,告示,2,,いいえ,2,(不),±0,±0,直天,コンクリート金ごて押え,防塵塗装(A),-,-,-,-,素地,-,-,素地,
5FL,共通,4,302,EPS,EPS,9.1500 m²,,告示,2,,いいえ,2,(不),±0,±0,直天,コンクリート金ごて押え,防塵塗装(A),-,-,-,-,素地,-,-,素地,
5FL,共通,4,302,EPS,EPS,5.6100 m²,,告示,2,,いいえ,2,(不),±0,±0,直天,コンクリート金ごて押え,防塵塗装(A),-,-,-,-,素地,-,-,素地,
5FL,共通,4,302,EPS,EPS,2.2000 m²,,告示,2,,いいえ,2,(不),±0,±0,直天,コンクリート金ごて押え,防塵塗装(A),-,-,-,-,素地,-,-,素地,
6FL,共通,4,302,EPS,EPS,9.1500 m²,,告示,2,,いいえ,2,(不),±0,±0,直天,コンクリート金ごて押え,防塵塗装(A),-,-,-,-,素地,-,-,素地,
6FL,共通,4,302,EPS,EPS,5.6100 m²,,告示,2,,いいえ,2,(不),±0,±0,直天,コンクリート金ごて押え,防塵塗装(A),-,-,-,-,素地,-,-,素地,
6FL,共通,4,302,EPS,EPS,2.2000 m²,,告示,2,,いいえ,2,(不),±0,±0,直天,コンクリート金ごて押え,防塵塗装(A),-,-,-,-,素地,-,-,素地,
7FL,共通,4,302,EPS,EPS,9.1500 m²,,告示,2,,いいえ,2,(不),±0,±0,直天,コンクリート金ごて押え,防塵塗装(A),-,-,-,-,素地,-,-,素地,
7FL,共通,4,302,EPS,EPS,5.6100 m²,,告示,2,,いいえ,2,(不),±0,±0,直天,コンクリート金ごて押え,防塵塗装(A),-,-,-,-,素地,-,-,素地,
7FL,共通,4,302,EPS,EPS,2.2000 m²,,告示,2,,いいえ,2,(不),±0,±0,直天,コンクリート金ごて押え,防塵塗装(A),-,-,-,-,素地,-,-,素地,
